randid,Date,Energy,Irradiance
R23,,1000,
R23,7/19/2018 1:00,1000,
R23,7/19/2018 2:00,0,
R23,7/19/2018 3:00,0,
R23,7/19/2018 4:00,1000,
R23,7/19/2018 5:00,1000,
R23,7/19/2018 6:00,1000,
R23,7/19/2018 7:00,1032.712,28.6245
R23,7/19/2018 8:00,1217.521,136.8305
R23,7/19/2018 9:00,1889.859,347.5645
R23,7/19/2018 10:00,3073.485,565.9015
R23,7/19/2018 11:00,4662.416,754.6965
R23,7/19/2018 12:00,6518.864,896.4945
R23,7/19/2018 13:00,8469.309,984.371
R23,7/19/2018 14:00,10059.862,1018.6565
R23,7/19/2018 15:00,11122.754,339.1815
R23,7/19/2018 16:00,12884.505,828.638
R23,7/19/2018 17:00,14284.252,641.56
R23,7/19/2018 18:00,15193.739,409.846
R23,7/19/2018 19:00,15572.821,186.8195
R23,7/19/2018 20:00,15621.361,27.918
R23,7/19/2018 21:00,15621.361,
R23,7/19/2018 22:00,15621.361,
R23,7/19/2018 23:00,15621.361,
R23,7/20/2018 0:00,15621.361,
R23,7/20/2018 1:00,15621.361,
R23,7/20/2018 2:00,15621.361,
R23,7/20/2018 3:00,15621.361,
R23,7/20/2018 4:00,15621.361,
R23,7/20/2018 5:00,15621.361,
R23,7/20/2018 6:00,15621.361,0.851
R23,7/20/2018 7:00,15644.971,21.923
R23,7/20/2018 8:00,15838.044,132.751
R23,7/20/2018 9:00,16509.722,342.3685
R23,7/20/2018 10:00,17695.568,565.227
R23,7/20/2018 11:00,19294.634,760.9045
R23,7/20/2018 12:00,21159.454,893.7735
R23,7/20/2018 13:00,23174.567,983.2875
R23,7/20/2018 14:00,25186.16,992.5705
R23,7/20/2018 15:00,27086.231,940.8355
R23,7/20/2018 16:00,28756.152,809.515
R23,7/20/2018 17:00,30089.619,625.2115
R23,7/20/2018 18:00,30958.795,404.4365
R23,7/20/2018 19:00,31325.692,181.642
R23,7/20/2018 20:00,31372.398,26.7425
R23,7/20/2018 21:00,31372.398,
R23,7/20/2018 22:00,31372.398,
R23,7/20/2018 23:00,31372.398,
R23,7/21/2018 0:00,31372.398,
R23,7/21/2018 1:00,31372.398,
R23,7/21/2018 2:00,31372.398,
R23,7/21/2018 3:00,31372.398,
R23,7/21/2018 4:00,31372.398,
R23,7/21/2018 5:00,31372.398,
R23,7/21/2018 6:00,31372.398,
R23,7/21/2018 7:00,31372.398,
R23,7/21/2018 8:00,31372.398,
R23,7/21/2018 9:00,31372.398,
R23,7/21/2018 10:00,31372.398,
R23,7/21/2018 11:00,31372.398,
R23,7/21/2018 12:00,31372.398,
R23,7/21/2018 13:00,31372.398,
R23,7/21/2018 14:00,32093.535,959.8625
R23,7/21/2018 15:00,33243.98,686.901
R23,7/21/2018 16:00,34216.464,424.6675
R23,7/21/2018 17:00,35231.965,433.722
R23,7/21/2018 18:00,36105.46,402.067
R23,7/21/2018 19:00,36480.173,189.636
R23,7/21/2018 20:00,36525.233,26.6515
R23,7/21/2018 21:00,36525.233,
R23,7/21/2018 22:00,36525.233,
R23,7/21/2018 23:00,36525.233,
R23,7/22/2018 0:00,36525.233,
R23,7/22/2018 1:00,36525.233,
R23,7/22/2018 2:00,36525.233,
R23,7/22/2018 3:00,36525.233,
R23,7/22/2018 4:00,36525.233,
R23,7/22/2018 5:00,36525.233,
R23,7/22/2018 6:00,36525.233,0.462
R23,7/22/2018 7:00,36556.159,25.6385
R23,7/22/2018 8:00,36736.228,136.312
R23,7/22/2018 9:00,37432.559,354.9875
R23,7/22/2018 10:00,38655.996,576.6125
R23,7/22/2018 11:00,40290.717,778.273
R23,7/22/2018 12:00,42188.07,919.2805
R23,7/22/2018 13:00,44124.751,1011.4335
R23,7/22/2018 14:00,45953.689,1019.5315
R23,7/22/2018 15:00,47743.968,954.765
R23,7/22/2018 16:00,49449.726,844.994
R23,7/22/2018 17:00,50874.587,651.5165
R23,7/22/2018 18:00,51820.473,423.159
R23,7/22/2018 19:00,52211.771,190.139
R23,7/22/2018 20:00,52250.788,22.1765
R23,7/22/2018 21:00,52250.788,
R23,7/22/2018 22:00,52250.788,
R23,7/22/2018 23:00,52250.788,
R23,7/23/2018 0:00,52250.788,
R23,7/23/2018 1:00,52250.788,
R23,7/23/2018 2:00,52250.788,
R23,7/23/2018 3:00,52250.788,
R23,7/23/2018 4:00,52250.788,
R23,7/23/2018 5:00,52250.788,
R23,7/23/2018 6:00,52250.788,
R23,7/23/2018 7:00,52284.142,26.6265
R23,7/23/2018 8:00,52465.984,137.921
R23,7/23/2018 9:00,53149.83,357.206
R23,7/23/2018 10:00,54355.742,576.0425
R23,7/23/2018 11:00,55979.001,771.965
R23,7/23/2018 12:00,57867.165,914.157
R23,7/23/2018 13:00,59716.043,996.535
R23,7/23/2018 14:00,61460.067,1010.417
R23,7/23/2018 15:00,63166.588,950.657
R23,7/23/2018 16:00,64780.405,834.9425
R23,7/23/2018 17:00,66101.878,646.1935
R23,7/23/2018 18:00,66986.181,402.2615
R23,7/23/2018 19:00,67170.081,76.793
R23,7/23/2018 20:00,67215.677,26.837
R23,7/23/2018 21:00,67215.677,
R23,7/23/2018 22:00,67215.677,
R23,7/23/2018 23:00,67215.677,
R23,7/24/2018 0:00,67215.677,
R23,7/24/2018 1:00,67215.677,
R23,7/24/2018 2:00,67215.677,
R23,7/24/2018 3:00,67215.677,
R23,7/24/2018 4:00,67215.677,
R23,7/24/2018 5:00,67215.677,
R23,7/24/2018 6:00,67215.677,
R23,7/24/2018 7:00,67249.551,26.9985
R23,7/24/2018 8:00,67434.171,137.8875
R23,7/24/2018 9:00,68108.189,352.6585
R23,7/24/2018 10:00,69300.19,577.458
R23,7/24/2018 11:00,70888.003,769.953
R23,7/24/2018 12:00,72689.996,911.697
R23,7/24/2018 13:00,74400.733,996.058
R23,7/24/2018 14:00,76093.632,1007.7915
R23,7/24/2018 15:00,77609.543,950.217
R23,7/24/2018 16:00,78799.485,681.1595
R23,7/24/2018 17:00,80209.535,650.1985
R23,7/24/2018 18:00,81129.38,421.1725
R23,7/24/2018 19:00,81320.372,91.34
R23,7/24/2018 20:00,81358.361,24.4825
R23,7/24/2018 21:00,81358.361,
R23,7/24/2018 22:00,81358.361,
R23,7/24/2018 23:00,81358.361,
R23,7/25/2018 0:00,81358.361,
R23,7/25/2018 1:00,81358.361,
R23,7/25/2018 2:00,81358.361,
R23,7/25/2018 3:00,81358.361,
R23,7/25/2018 4:00,81358.361,
R23,7/25/2018 5:00,81358.361,
R23,7/25/2018 6:00,81358.361,
R23,7/25/2018 7:00,81395.16,27.7085
R23,7/25/2018 8:00,81587.557,137.211
R23,7/25/2018 9:00,82260.627,352.457
R23,7/25/2018 10:00,83453.002,574.5245
R23,7/25/2018 11:00,85046.028,771.0615
R23,7/25/2018 12:00,86877.21,913.168
R23,7/25/2018 13:00,88600.023,993.2285
R23,7/25/2018 14:00,90239.34,995.576
R23,7/25/2018 15:00,91219.359,963.6705
R23,7/25/2018 16:00,91980.323,830.422
R23,7/25/2018 17:00,92950.314,643.312
R23,7/25/2018 18:00,93817.944,419.9455
R23,7/25/2018 19:00,94080.399,127.6315
R23,7/25/2018 20:00,94123.964,24.1185
R23,7/25/2018 21:00,94123.964,
R23,7/25/2018 22:00,94123.964,
R23,7/25/2018 23:00,94123.964,
R23,7/26/2018 0:00,94123.964,
R23,7/26/2018 1:00,94123.964,
R23,7/26/2018 2:00,94123.964,
R23,7/26/2018 3:00,94123.964,
R23,7/26/2018 4:00,94123.964,
R23,7/26/2018 5:00,94123.964,
R23,7/26/2018 6:00,94123.964,
R23,7/26/2018 7:00,94169.559,29.6325
R23,7/26/2018 8:00,94381.448,139.874
R23,7/26/2018 9:00,95066.288,349.9995
R23,7/26/2018 10:00,96256.863,575.0095
R23,7/26/2018 11:00,97837.49,764.765
R23,7/26/2018 12:00,99629.544,911.6885
R23,7/26/2018 13:00,101324.85,982.384
R23,7/26/2018 14:00,102945.811,1004.8205
R23,7/26/2018 15:00,104622.918,943.6105
R23,7/26/2018 16:00,106227.317,828.541
R23,7/26/2018 17:00,107611.503,629.4135
R23,7/26/2018 18:00,108534.555,420.028
R23,7/26/2018 19:00,108926.093,188.798
R23,7/26/2018 20:00,108975.536,24.737
R23,7/26/2018 21:00,108975.536,
R23,7/26/2018 22:00,108975.536,
R23,7/26/2018 23:00,108975.536,
R23,7/27/2018 0:00,108975.536,
R23,7/27/2018 1:00,108975.536,
R23,7/27/2018 2:00,0,
R23,7/27/2018 3:00,108975.536,
R23,7/27/2018 4:00,108975.536,
R23,7/27/2018 5:00,108975.536,
R23,7/27/2018 6:00,108975.536,
R23,7/27/2018 7:00,109019.918,27.808
R23,7/27/2018 8:00,109240.057,126.5745
R23,7/27/2018 9:00,109892.85,328.4095
R23,7/27/2018 10:00,111058.527,557.9285
R23,7/27/2018 11:00,112642.44,760.1165
R23,7/27/2018 12:00,114454.194,917.293
R23,7/27/2018 13:00,116149.063,997.432
R23,7/27/2018 14:00,117864.913,1014.3075
R23,7/27/2018 15:00,119572.705,970.342
R23,7/27/2018 16:00,121228.117,826.4605
R23,7/27/2018 17:00,122637.672,642.0835
R23,7/27/2018 18:00,123537.53,405.3085
R23,7/27/2018 19:00,123922.357,184.934
R23,7/27/2018 20:00,123975.062,27.0175
R23,7/27/2018 21:00,123975.062,
R23,7/27/2018 22:00,123975.062,
R23,7/27/2018 23:00,123975.062,
R23,7/28/2018 0:00,123975.062,
R23,7/28/2018 1:00,123975.062,
R23,7/28/2018 2:00,123975.062,
R23,7/28/2018 3:00,123975.062,
R23,7/28/2018 4:00,123975.062,
R23,7/28/2018 5:00,123975.062,
R23,7/28/2018 6:00,123975.062,
R23,7/28/2018 7:00,124016.595,27.735
R23,7/28/2018 8:00,124225.439,140.6065
R23,7/28/2018 9:00,124917.322,357.2195
R23,7/28/2018 10:00,126125.506,580.051
R23,7/28/2018 11:00,127729.985,775.3985
R23,7/28/2018 12:00,129528.265,918.035
R23,7/28/2018 13:00,131331.523,994.929
R23,7/28/2018 14:00,133095.87,1009.8395
R23,7/28/2018 15:00,134793.956,932.323
R23,7/28/2018 16:00,136460.286,814.701
R23,7/28/2018 17:00,137838.42,622.037
R23,7/28/2018 18:00,138699.45,379.95
R23,7/28/2018 19:00,139026.456,160.532
R23,7/28/2018 20:00,139059.383,18.8175
R23,7/28/2018 21:00,139059.383,
R23,7/28/2018 22:00,139059.383,
R23,7/28/2018 23:00,139059.383,
R23,7/29/2018 0:00,139059.383,
R23,7/29/2018 1:00,139059.383,
R23,7/29/2018 2:00,139059.383,
R23,7/29/2018 3:00,139059.383,
R23,7/29/2018 4:00,139059.383,
R23,7/29/2018 5:00,139059.383,
R23,7/29/2018 6:00,139059.383,
R23,7/29/2018 7:00,139093.522,26.58
R23,7/29/2018 8:00,139291.261,133.5685
R23,7/29/2018 9:00,139967.214,351.28
R23,7/29/2018 10:00,141103.938,546.0445
R23,7/29/2018 11:00,142708.999,770.4925
R23,7/29/2018 12:00,144583.261,909.3415
R23,7/29/2018 13:00,146413.373,986.7335
R23,7/29/2018 14:00,148214.779,983.632
R23,7/29/2018 15:00,149981.07,939.9405
R23,7/29/2018 16:00,151625.47,807.852
R23,7/29/2018 17:00,152951.056,578.6765
R23,7/29/2018 18:00,153787.279,401.3775
R23,7/29/2018 19:00,154049.852,117.757
R23,7/29/2018 20:00,154117.887,36.8395
R23,7/29/2018 21:00,154117.887,
R23,7/29/2018 22:00,154117.887,
R23,7/29/2018 23:00,154117.887,
R23,7/30/2018 0:00,154117.887,
R23,7/30/2018 1:00,154117.887,
R23,7/30/2018 2:00,154117.887,
R23,7/30/2018 3:00,154117.887,
R23,7/30/2018 4:00,154117.887,
R23,7/30/2018 5:00,154117.887,
R23,7/30/2018 6:00,154117.887,
R23,7/30/2018 7:00,154148.911,20.441
R23,7/30/2018 8:00,154321.959,82.859
R23,7/30/2018 9:00,154621.268,140.3665
R23,7/30/2018 10:00,155138.199,181.6375
R23,7/30/2018 11:00,155929.156,346.7595
R23,7/30/2018 12:00,157591.183,887.5875
R23,7/30/2018 13:00,159492.022,988.374
R23,7/30/2018 14:00,161288.87,1003.2105
R23,7/30/2018 15:00,162996.158,890.655
R23,7/30/2018 16:00,164688.562,802.459
R23,7/30/2018 17:00,166043.997,617.619
R23,7/30/2018 18:00,166924.389,397.062
R23,7/30/2018 19:00,167273.825,168.519
R23,7/30/2018 20:00,167310.069,21.092
R23,7/30/2018 21:00,167310.069,
R23,7/30/2018 22:00,167310.069,
R23,7/30/2018 23:00,167310.069,
R23,7/31/2018 0:00,167310.069,
R23,7/31/2018 1:00,167310.069,
R23,7/31/2018 2:00,167310.069,
R23,7/31/2018 3:00,167310.069,
R23,7/31/2018 4:00,167310.069,
R23,7/31/2018 5:00,167310.069,
R23,7/31/2018 6:00,167310.069,
R23,7/31/2018 7:00,167325.58,15.0425
R23,7/31/2018 8:00,167551.984,95.505
R23,7/31/2018 9:00,168004.466,170.141
R23,7/31/2018 10:00,168917.731,370.701
R23,7/31/2018 11:00,170397.159,734.6825
R23,7/31/2018 12:00,171889.66,772.247
R23,7/31/2018 13:00,173286.037,669.827
R23,7/31/2018 14:00,174509.829,631.919
R23,7/31/2018 15:00,175779.487,401.0085
R23,7/31/2018 16:00,177246.741,798.211
R23,7/31/2018 17:00,178660.486,643.667
R23,7/31/2018 18:00,179675.452,482.664
R23,7/31/2018 19:00,180016.637,148.8855
R23,7/31/2018 20:00,180049.18,18.4035
R23,7/31/2018 21:00,180049.18,
R23,7/31/2018 22:00,180049.18,
R23,7/31/2018 23:00,180049.18,
R23,8/1/2018 0:00,180049.18,
R23,8/1/2018 1:00,180049.18,
R23,8/1/2018 2:00,180049.18,
R23,8/1/2018 3:00,180049.18,
R23,8/1/2018 4:00,180049.18,
R23,8/1/2018 5:00,180049.18,
R23,8/1/2018 6:00,180049.18,
R23,8/1/2018 7:00,180076.29,23.3145
R23,8/1/2018 8:00,180265.097,128.4055
R23,8/1/2018 9:00,180914.663,339.8075
R23,8/1/2018 10:00,182067.477,543.2235
R23,8/1/2018 11:00,183614.842,746.726
R23,8/1/2018 12:00,185425.514,888.081
R23,8/1/2018 13:00,187267.088,975.938
R23,8/1/2018 14:00,189096.546,988.4645
R23,8/1/2018 15:00,190866.228,915.0835
R23,8/1/2018 16:00,192545.006,795.926
R23,8/1/2018 17:00,193866.37,585.401
R23,8/1/2018 18:00,194560.359,292.628
R23,8/1/2018 19:00,194909.338,170.197
R23,8/1/2018 20:00,194953.445,21.926
R23,8/1/2018 21:00,194953.445,
R23,8/1/2018 22:00,194953.445,
R23,8/1/2018 23:00,194953.445,
R23,8/2/2018 0:00,194953.445,
R23,8/2/2018 1:00,194953.445,
R23,8/2/2018 2:00,194953.445,
R23,8/2/2018 3:00,194953.445,
R23,8/2/2018 4:00,194953.445,
R23,8/2/2018 5:00,194953.445,
R23,8/2/2018 6:00,194953.445,
R23,8/2/2018 7:00,194953.445,
R23,8/2/2018 8:00,194953.445,
R23,8/2/2018 9:00,194953.445,
R23,8/2/2018 10:00,195513.288,532.585
R23,8/2/2018 11:00,197009.708,755.787
R23,8/2/2018 12:00,198813.527,897.1415
R23,8/2/2018 13:00,200763.681,1011.5155
R23,8/2/2018 14:00,202660.259,1026.4735
R23,8/2/2018 15:00,204463.573,928.697
R23,8/2/2018 16:00,206165.33,792.1145
R23,8/2/2018 17:00,207520.921,613.1965
R23,8/2/2018 18:00,208382.278,386.862
R23,8/2/2018 19:00,208713.435,164.5245
R23,8/2/2018 20:00,208744.624,17.1565
R23,8/2/2018 21:00,208744.624,
R23,8/2/2018 22:00,208744.624,
R23,8/2/2018 23:00,208744.624,
R23,8/3/2018 0:00,208744.624,
R23,8/3/2018 1:00,208744.624,
R23,8/3/2018 2:00,208744.624,
R23,8/3/2018 3:00,208744.624,
R23,8/3/2018 4:00,208744.624,
R23,8/3/2018 5:00,208744.624,
R23,8/3/2018 6:00,208744.624,
R23,8/3/2018 7:00,208776.843,24.986
R23,8/3/2018 8:00,208965.83,131.5005
R23,8/3/2018 9:00,209635.593,346.452
R23,8/3/2018 10:00,210826.195,560.905
R23,8/3/2018 11:00,212423.011,767.894
R23,8/3/2018 12:00,213813.369,927.5365
R23,8/3/2018 13:00,215573.597,1003.064
R23,8/3/2018 14:00,217350.883,1004.7
R23,8/3/2018 15:00,219011.338,943.7025
R23,8/3/2018 16:00,220609.418,825.0145
R23,8/3/2018 17:00,221996.909,633.571
R23,8/3/2018 18:00,222906.666,406.8705
R23,8/3/2018 19:00,223264.974,171.425
R23,8/3/2018 20:00,223295.572,17.14
R23,8/3/2018 21:00,223295.572,
R23,8/3/2018 22:00,223295.572,
R23,8/3/2018 23:00,223295.572,
R23,8/4/2018 0:00,223295.572,
R23,8/4/2018 1:00,223295.572,
R23,8/4/2018 2:00,223295.572,
R23,8/4/2018 3:00,223295.572,
R27,,5220831,0.095835105
R27,9/14/2018 2:30,5220831,0.576530293
R27,9/14/2018 2:45,5220831,0.796345532
R27,9/14/2018 3:00,5220831,0.600885421
R27,9/14/2018 3:15,5220831,0.530158073
R27,9/14/2018 3:30,5220831,0.311102383
R27,9/14/2018 3:45,5220831,0.470094524
R27,9/14/2018 4:00,0,0.616896585
R27,9/14/2018 4:15,5220831,0.295892805
R27,9/14/2018 4:30,0,0.306548387
R27,9/14/2018 4:45,5220831,0.682324067
R27,9/14/2018 5:00,5220831,0.979746431
R27,9/14/2018 5:15,5220831,1.093088627
R27,9/14/2018 5:30,5220831,3.197147727
R27,9/14/2018 5:45,5220831,7.0827353
R27,9/14/2018 6:00,5220831,7.559703588
R27,9/14/2018 6:15,5220831,9.147242308
R27,9/14/2018 6:30,5220831,12.80299425
R27,9/14/2018 6:45,5220831,18.94480276
R27,9/14/2018 7:00,5220831,15.64578962
R27,9/14/2018 7:15,5220831,6.816490412
R27,9/14/2018 7:30,5220831,7.184653759
R27,9/14/2018 7:45,5220831,12.67285991
R27,9/14/2018 8:00,5220831,19.85754776
R27,9/14/2018 8:15,5220832,26.32599926
R27,9/14/2018 8:30,5220834,27.44650745
R27,9/14/2018 8:45,5220834,23.41167259
R27,9/14/2018 9:00,5220834,25.13297749
R27,9/14/2018 9:15,5220834,28.33849335
R27,9/14/2018 9:30,5220836,24.47829056
R27,9/14/2018 9:45,5220838,23.23680592
R27,9/14/2018 10:00,5220840,42.74545479
R27,9/14/2018 10:15,5220840,54.31205559
R27,9/14/2018 10:30,5220840,46.88321304
R27,9/14/2018 10:45,5220840,56.01537323
R27,9/14/2018 11:00,5220840,71.96215057
R27,9/14/2018 11:15,5220840,62.35454941
R27,9/14/2018 11:30,5220840,39.39955616
R27,9/14/2018 11:45,5220840,55.92852879
R27,9/14/2018 12:00,5220840,67.28370094
R27,9/14/2018 12:15,5220840,47.76009941
R27,9/14/2018 12:30,5220840,34.15178299
R27,9/14/2018 12:45,5220840,29.6948185
R27,9/14/2018 13:00,5220840,35.69005585
R27,9/14/2018 13:15,5220840,39.38136482
R27,9/14/2018 13:30,5220840,47.17050552
R27,9/14/2018 13:45,5220840,53.43829536
R27,9/14/2018 14:00,5220840,51.57094955
R27,9/14/2018 14:15,5220840,41.72417068
R27,9/14/2018 14:30,5220840,29.81975651
R27,9/14/2018 14:45,5220840,29.09437466
R27,9/14/2018 15:00,5220840,30.28066921
R27,9/14/2018 15:15,5220840,30.85575581
R27,9/14/2018 15:30,5220840,33.68195418
R27,9/14/2018 15:45,5220840,
R27,9/14/2018 16:00,5220840,
R27,9/14/2018 16:15,5220840,
R27,9/14/2018 16:30,5220840,
R27,9/14/2018 16:45,5220840,
R27,9/14/2018 17:00,5220840,
R27,9/14/2018 17:15,5220840,
R27,9/14/2018 17:30,5220840,
R27,9/14/2018 17:45,5220840,
R27,9/14/2018 18:00,5220840,
R27,9/14/2018 18:15,5220840,
R27,9/14/2018 18:30,5220840,
R27,9/14/2018 18:45,5220840,
R27,9/14/2018 19:00,5220840,
R27,9/14/2018 19:15,5220840,
R27,9/14/2018 19:30,5220840,
R27,9/14/2018 19:45,5220840,
R27,9/14/2018 20:00,5220840,
R27,9/14/2018 20:15,5220840,
R27,9/14/2018 20:30,5220840,
R27,9/14/2018 20:45,5220840,
R27,9/14/2018 21:00,5220840,
R27,9/14/2018 21:15,5220840,
R27,9/14/2018 21:30,5220840,
R27,9/14/2018 21:45,5220840,
R27,9/14/2018 22:00,5220840,
R27,9/14/2018 22:15,5220840,
R27,9/14/2018 22:30,5220840,
R27,9/14/2018 22:45,5220840,
R27,9/14/2018 23:00,5220840,
R27,9/14/2018 23:15,5220840,
R27,9/14/2018 23:30,5220840,
R27,9/14/2018 23:45,5220840,
R27,9/15/2018 0:00,5220840,
R27,9/15/2018 0:15,5220840,
R27,9/15/2018 0:30,5220840,
R27,9/15/2018 0:45,5220840,
R27,9/15/2018 1:00,5220840,
R27,9/15/2018 1:15,5220840,
R27,9/15/2018 1:30,5220840,
R27,9/15/2018 1:45,5220840,
R27,9/15/2018 2:00,5220840,
R27,9/15/2018 2:15,5220840,
R27,9/15/2018 2:30,5220840,
R27,9/15/2018 2:45,5220840,
R27,9/15/2018 3:00,5220840,
R27,9/15/2018 3:15,5220840,
R27,9/15/2018 3:30,5220840,
R27,9/15/2018 3:45,5220840,
R27,9/15/2018 4:00,5220840,
R27,9/15/2018 4:15,5220840,
R27,9/15/2018 4:30,5220840,
R27,9/15/2018 4:45,5220840,
R27,9/15/2018 5:00,5220840,
R27,9/15/2018 5:15,5220840,
R27,9/15/2018 5:30,5220840,
R27,9/15/2018 5:45,5220840,
R27,9/15/2018 6:00,5220840,
R27,9/15/2018 6:15,5220840,
R27,9/15/2018 6:30,5220840,
R27,9/15/2018 6:45,5220840,
R27,9/15/2018 7:00,5220840,
R27,9/15/2018 7:15,5220840,
R27,9/15/2018 7:30,5220840,
R27,9/15/2018 7:45,5220840,
R27,9/15/2018 8:00,5220840,
R27,9/15/2018 8:15,5220840,
R27,9/15/2018 8:30,5220840,
R27,9/15/2018 8:45,5220840,
R27,9/15/2018 9:00,5220840,
R27,9/15/2018 9:15,5220840,
R27,9/15/2018 9:30,5220840,
R27,9/15/2018 9:45,5220840,
R27,9/15/2018 10:00,5220840,
R27,9/15/2018 10:15,5220840,
R27,9/15/2018 10:30,5220840,
R27,9/15/2018 10:45,5220840,
R27,9/15/2018 11:00,5220840,
R27,9/15/2018 11:15,5220840,
R27,9/15/2018 11:30,5220840,
R27,9/15/2018 11:45,5220840,
R27,9/15/2018 12:00,5220840,
R27,9/15/2018 12:15,5220840,
R27,9/15/2018 12:30,5220840,
R27,9/15/2018 12:45,5220840,
R27,9/15/2018 13:00,5220840,
R27,9/15/2018 13:15,5220840,
R27,9/15/2018 13:30,5220840,
R27,9/15/2018 13:45,5220840,
R27,9/15/2018 14:00,5220840,
R27,9/15/2018 14:15,5220840,
R27,9/15/2018 14:30,5220840,
R27,9/15/2018 14:45,5220840,
R27,9/15/2018 15:00,5220840,
R27,9/15/2018 15:15,5220840,
R27,9/15/2018 15:30,5220840,
R27,9/15/2018 15:45,5220840,
R27,9/15/2018 16:00,5220840,
R27,9/15/2018 16:15,5220840,
R27,9/15/2018 16:30,5220840,
R27,9/15/2018 16:45,5220840,
R27,9/15/2018 17:00,5220840,
R27,9/15/2018 17:15,5220840,
R27,9/15/2018 17:30,5220840,
R27,9/15/2018 17:45,5220840,
R27,9/15/2018 18:00,5220840,
R27,9/15/2018 18:15,5220840,
R27,9/15/2018 18:30,5220840,
R27,9/15/2018 18:45,5220840,
R27,9/15/2018 19:00,5220840,
R27,9/15/2018 19:15,5220840,
R27,9/15/2018 19:30,5220840,
R27,9/15/2018 19:45,5220840,
R27,9/15/2018 20:00,5220840,
R27,9/15/2018 20:15,5220840,
R27,9/15/2018 20:30,5220840,
R27,9/15/2018 20:45,5220840,
R27,9/15/2018 21:00,5220840,
R27,9/15/2018 21:15,5220840,
R27,9/15/2018 21:30,5220840,
R27,9/15/2018 21:45,5220840,
R27,9/15/2018 22:00,5220840,
R27,9/15/2018 22:15,5220840,
R27,9/15/2018 22:30,5220840,
R27,9/15/2018 22:45,5220840,
R27,9/15/2018 23:00,5220840,
R27,9/15/2018 23:15,5220840,
R27,9/15/2018 23:30,5220840,
R27,9/15/2018 23:45,5220840,
R27,9/16/2018 0:00,5220840,
R27,9/16/2018 0:15,5220840,
R27,9/16/2018 0:30,5220840,
R27,9/16/2018 0:45,5220840,
R27,9/16/2018 1:00,5220840,
R27,9/16/2018 1:15,5220840,
R27,9/16/2018 1:30,5220840,
R27,9/16/2018 1:45,5220840,
R27,9/16/2018 2:00,5220840,
R27,9/16/2018 2:15,5220840,
R27,9/16/2018 2:30,5220840,
R27,9/16/2018 2:45,5220840,
R27,9/16/2018 3:00,5220840,
R27,9/16/2018 3:15,5220840,
R27,9/16/2018 3:30,5220840,
R27,9/16/2018 3:45,5220840,
R27,9/16/2018 4:00,5220840,
R27,9/16/2018 4:15,5220840,
R27,9/16/2018 4:30,5220840,
R27,9/16/2018 4:45,5220840,
R27,9/16/2018 5:00,5220840,
R27,9/16/2018 5:15,5220840,
R27,9/16/2018 5:30,5220840,
R27,9/16/2018 5:45,5220840,
R27,9/16/2018 6:00,5220840,
R27,9/16/2018 6:15,5220840,
R27,9/16/2018 6:30,5220840,
R27,9/16/2018 6:45,5220840,
R27,9/16/2018 7:00,5220840,
R27,9/16/2018 7:15,5220840,
R27,9/16/2018 7:30,5220840,
R27,9/16/2018 7:45,5220840,
R27,9/16/2018 8:00,5220840,
R27,9/16/2018 8:15,5220840,
R27,9/16/2018 8:30,5220840,
R27,9/16/2018 8:45,5220840,
R27,9/16/2018 9:00,5220840,
R27,9/16/2018 9:15,5220840,
R27,9/16/2018 9:30,5220840,
R27,9/16/2018 9:45,5220840,
R27,9/16/2018 10:00,5220840,
R27,9/16/2018 10:15,5220840,
R27,9/16/2018 10:30,5220840,
R27,9/16/2018 10:45,5220840,
R27,9/16/2018 11:00,5220840,
R27,9/16/2018 11:15,5220840,
R27,9/16/2018 11:30,5220840,
R27,9/16/2018 11:45,5220840,
R27,9/16/2018 12:00,5220840,
R27,9/16/2018 12:15,5220840,
R27,9/16/2018 12:30,5220840,
R27,9/16/2018 12:45,5220840,
R27,9/16/2018 13:00,5220840,
R27,9/16/2018 13:15,5220840,
R27,9/16/2018 13:30,5220840,
R27,9/16/2018 13:45,5220840,
R27,9/16/2018 14:00,5220840,
R27,9/16/2018 14:15,5220840,
R27,9/16/2018 14:30,5220840,
R27,9/16/2018 14:45,5220840,
R27,9/16/2018 15:00,5220840,27.85177898
R27,9/16/2018 15:15,5220840,26.87187576
R27,9/16/2018 15:30,5220840,25.30456066
R27,9/16/2018 15:45,5220840,22.42121315
R27,9/16/2018 16:00,5220840,21.80571365
R27,9/16/2018 16:15,5220840,23.29872131
R27,9/16/2018 16:30,5220840,22.70402145
R27,9/16/2018 16:45,5220843,16.00414753
R27,9/16/2018 17:00,5220845,8.542674303
R27,9/16/2018 17:15,5220847,2.773234665
R27,9/16/2018 17:30,5220849,0.508090191
R27,9/16/2018 17:45,5220851,0.203844182
R27,9/16/2018 18:00,5220853,0.225141838
R27,9/16/2018 18:15,5220855,0.10116227
R27,9/16/2018 18:30,5220855,0.10420382
R27,9/16/2018 18:45,5220855,0.098118956
R27,9/16/2018 19:00,5220855,0.015212084
R27,9/16/2018 19:15,5220855,0.025100279
R27,9/16/2018 19:30,5220855,0.028143608
R27,9/16/2018 19:45,5220855,0.038793867
R27,9/16/2018 20:00,5220855,0.162027836
R27,9/16/2018 20:15,5220855,0.567485631
R27,9/16/2018 20:30,5220855,0.448817482
R27,9/16/2018 20:45,5220855,0.022060623
R27,9/16/2018 21:00,5220855,0
R27,9/16/2018 21:15,5220855,0
R27,9/16/2018 21:30,5220855,0
R27,9/16/2018 21:45,5220855,0.055532034
R27,9/16/2018 22:00,5220855,0.271574866
R27,9/16/2018 22:15,5220855,0.284507178
R27,9/16/2018 22:30,5220855,0.068464346
R27,9/16/2018 22:45,5220855,0
R27,9/16/2018 23:00,5220855,0
R27,9/16/2018 23:15,5220855,0.020539248
R27,9/16/2018 23:30,5220855,0.037274871
R27,9/16/2018 23:45,5220855,0.016735623
R27,9/17/2018 0:00,5220855,0
R27,9/17/2018 0:15,5220855,0
R27,9/17/2018 0:30,5220855,0.093568526
R27,9/17/2018 0:45,5220855,0.267773844
R27,9/17/2018 1:00,5220855,0.540873393
R27,9/17/2018 1:15,5220855,0.735618293
R27,9/17/2018 1:30,5220855,0.788106769
R27,9/17/2018 1:45,5220855,0.646611467
R27,9/17/2018 2:00,5220855,0.375795111
R27,9/17/2018 2:15,5220855,0.483055174
R27,9/17/2018 2:30,5220855,0.635956645
R27,9/17/2018 2:45,5220855,0.552276909
R27,9/17/2018 3:00,5220855,0.510434955
R27,9/17/2018 3:15,5220855,0.556836545
R27,9/17/2018 3:30,5220855,0.499020785
R27,9/17/2018 3:45,5220855,0.511942267
R27,9/17/2018 4:00,5220855,0.493673488
R27,9/17/2018 4:15,5220855,0.294365928
R27,9/17/2018 4:30,5220855,0.354446188
R27,9/17/2018 4:45,5220855,0.475379914
R27,9/17/2018 5:00,5220855,0.876198217
R27,9/17/2018 5:15,5220855,2.380617559
R27,9/17/2018 5:30,5220855,7.358517051
R27,9/17/2018 5:45,5220855,15.64610004
R27,9/17/2018 6:00,5220855,29.54471207
R27,9/17/2018 6:15,5220855,59.64955521
R27,9/17/2018 6:30,5220855,109.1030808
R27,9/17/2018 6:45,5220855,118.0234146
R27,9/17/2018 7:00,5220855,123.5939178
R27,9/17/2018 7:15,5220855,161.8243561
R27,9/17/2018 7:30,5220857,236.0819244
R27,9/17/2018 7:45,5220861,303.7969666
R27,9/17/2018 8:00,5220870,319.4532928
R27,9/17/2018 8:15,5220888,432.1938477
R27,9/17/2018 8:30,5220900,467.2506256
R27,9/17/2018 8:45,5220919,365.2050934
R27,9/17/2018 9:00,5220940,473.9694824
R27,9/17/2018 9:15,5220976,638.6938171
R27,9/17/2018 9:30,5221015,621.3791809
R27,9/17/2018 9:45,5221054,762.601593
R27,9/17/2018 10:00,5221121,888.8017883
R27,9/17/2018 10:15,5221171,802.7000732
R27,9/17/2018 10:30,5221213,695.9142761
R27,9/17/2018 10:45,5221286,726.471283
R27,9/17/2018 11:00,5221329,825.4596252
R27,9/17/2018 11:15,5221400,945.3781128
R27,9/17/2018 11:30,5221510,812.0259705
R27,9/17/2018 11:45,5221608,681.6655273
R27,9/17/2018 12:00,5221698,795.8707886
R27,9/17/2018 12:15,5221772,590.4485474
R27,9/17/2018 12:30,5221865,416.6059875
R27,9/17/2018 12:45,5221956,566.1018372
R27,9/17/2018 13:00,5222067,764.2232361
R27,9/17/2018 13:15,5222133,820.1003113
R27,9/17/2018 13:30,5222226,740.742218
R27,9/17/2018 13:45,5222316,696.4197693
R27,9/17/2018 14:00,5222362,611.5156708
R27,9/17/2018 14:15,5222417,544.4844513
R27,9/17/2018 14:30,5222497,604.0715637
R27,9/17/2018 14:45,5222597,590.2822266
R27,9/17/2018 15:00,5222697,486.5752869
R27,9/17/2018 15:15,5222780,378.7486877
R27,9/17/2018 15:30,5222871,301.8119354
R27,9/17/2018 15:45,5222934,165.9921875
R27,9/17/2018 16:00,5223008,68.73426437
R27,9/17/2018 16:15,5223087,63.00028992
R27,9/17/2018 16:30,5223158,55.05430794
R27,9/17/2018 16:45,5223210,39.47441006
R27,9/17/2018 17:00,5223255,22.8251214
R27,9/17/2018 17:15,5223287,9.136580825
R27,9/17/2018 17:30,5223296,1.96597673
R27,9/17/2018 17:45,5223303,0.157308713
R27,9/17/2018 18:00,5223310,0
R27,9/17/2018 18:15,5223316,0
R27,9/17/2018 18:30,5223319,0.000760145
R27,9/17/2018 18:45,5223320,0.000760145
R27,9/17/2018 19:00,5223320,0
R27,9/17/2018 19:15,5223320,0
R27,9/17/2018 19:30,5223320,0
R27,9/17/2018 19:45,5223320,0
R27,9/17/2018 20:00,5223320,0
R27,9/17/2018 20:15,5223320,0
R27,9/17/2018 20:30,5223320,0
R27,9/17/2018 20:45,5223320,0.014447188
R27,9/17/2018 21:00,5223320,0.024332215
R27,9/17/2018 21:15,5223320,0.009885027
R27,9/17/2018 21:30,5223320,0
R27,9/17/2018 21:45,5223320,0
R27,9/17/2018 22:00,5223320,0
R27,9/17/2018 22:15,5223320,0
R27,9/17/2018 22:30,5223320,0
R27,9/17/2018 22:45,5223320,0
R27,9/17/2018 23:00,5223320,0.006083558
R27,9/17/2018 23:15,5223320,0.019772739
R27,9/17/2018 23:30,5223320,0.013689181
R27,9/17/2018 23:45,5223320,0.018251458
R27,9/18/2018 0:00,5223320,0.032700456
R27,9/18/2018 0:15,5223320,0.014448998
R27,9/18/2018 0:30,5223320,0.006844373
R27,9/18/2018 0:45,5223320,0.006844373
R27,9/18/2018 1:00,5223320,0.049432412
R27,9/18/2018 1:15,5223320,0.049432412
R27,9/18/2018 1:30,5223320,0.106460042
R27,9/18/2018 1:45,5223320,0.280595191
R27,9/18/2018 2:00,5223320,0.206073884
R27,9/18/2018 2:15,5223320,0.047907898
R27,9/18/2018 2:30,5223320,0.022812793
R27,9/18/2018 2:45,5223320,0.006843631
R27,9/18/2018 3:00,5223320,0
R27,9/18/2018 3:15,5223320,0.003801876
R27,9/18/2018 3:30,5223320,0.003801876
R27,9/18/2018 3:45,5223320,0
R27,9/18/2018 4:00,5223320,0
R27,9/18/2018 4:15,5223320,0
R27,9/18/2018 4:30,5223320,0
R27,9/18/2018 4:45,5223320,0
R27,9/18/2018 5:00,5223320,0.174935967
R27,9/18/2018 5:15,5223320,2.924509436
R27,9/18/2018 5:30,5223320,21.08465075
R27,9/18/2018 5:45,5223320,58.2099247
R27,9/18/2018 6:00,5223320,97.25324631
R27,9/18/2018 6:15,5223320,154.9709282
R27,9/18/2018 6:30,5223320,224.3597717
R27,9/18/2018 6:45,5223320,273.35849
R27,9/18/2018 7:00,5223320,327.8495636
R27,9/18/2018 7:15,5223321,404.5863953
R27,9/18/2018 7:30,5223327,477.9821625
R27,9/18/2018 7:45,5223338,538.8782654
R27,9/18/2018 8:00,5223358,595.9849854
R27,9/18/2018 8:15,5223386,650.3543091
R27,9/18/2018 8:30,5223421,703.4230042
R27,9/18/2018 8:45,5223465,752.5215149
R27,9/18/2018 9:00,5223518,796.7134399
R27,9/18/2018 9:15,5223582,838.1519775
R27,9/18/2018 9:30,5223653,878.3316345
R27,9/18/2018 9:45,5223732,911.5344238
R27,9/18/2018 10:00,5223817,941.1808472
R27,9/18/2018 10:15,5223908,965.3709412
R27,9/18/2018 10:30,5224004,943.5434265
R27,9/18/2018 10:45,5224104,869.7027588
R27,9/18/2018 11:00,5224209,899.8477783
R27,9/18/2018 11:15,5224318,831.908844
R27,9/18/2018 11:30,5224429,647.8937378
R27,9/18/2018 11:45,5224542,684.6354065
R27,9/18/2018 12:00,5224656,874.6014404
R27,9/18/2018 12:15,5224759,954.3837891
R27,9/18/2018 12:30,5224849,960.4056091
R27,9/18/2018 12:45,5224956,825.0586548
R27,9/18/2018 13:00,5225033,628.1882019
R27,9/18/2018 13:15,5225104,608.8916931
R27,9/18/2018 13:30,5225187,618.0033875
R27,9/18/2018 13:45,5225289,543.3955536
R27,9/18/2018 14:00,5225389,402.5307617
R27,9/18/2018 14:15,5225505,296.2655563
R27,9/18/2018 14:30,5225585,242.6630173
R27,9/18/2018 14:45,5225660,202.7782059
R27,9/18/2018 15:00,5225736,151.6632156
R27,9/18/2018 15:15,5225813,123.9613457
R27,9/18/2018 15:30,5225869,112.9766159
R27,9/18/2018 15:45,5225912,118.5640221
R27,9/18/2018 16:00,5225943,121.2910385
R27,9/18/2018 16:15,5225973,105.6413918
R27,9/18/2018 16:30,5225995,78.11829758
R27,9/18/2018 16:45,5226011,50.05998802
R27,9/18/2018 17:00,5226025,35.08925915
R27,9/18/2018 17:15,5226038,19.14569616
R27,9/18/2018 17:30,5226054,4.865198374
R27,9/18/2018 17:45,5226068,0.764642477
R27,9/18/2018 18:00,5226079,0
R27,9/18/2018 18:15,5226086,0
R27,9/18/2018 18:30,5226091,0
R27,9/18/2018 18:45,5226093,0
R27,9/18/2018 19:00,5226093,0
R27,9/18/2018 19:15,5226093,0.123171158
R27,9/18/2018 19:30,5226093,0.241782904
R27,9/18/2018 19:45,5226093,0.126215107
R27,9/18/2018 20:00,5226093,0.007603362
R27,9/18/2018 20:15,5226093,0
R27,9/18/2018 20:30,5226093,0.029654205
R27,9/18/2018 20:45,5226093,0.334557176
R27,9/18/2018 21:00,5226093,0.478264883
R27,9/18/2018 21:15,5226093,0.173361912
R27,9/18/2018 21:30,5226093,0.028133351
R27,9/18/2018 21:45,5226093,0.102649067
R27,9/18/2018 22:00,5226093,0.122418113
R27,9/18/2018 22:15,5226093,0.047902398
R27,9/18/2018 22:30,5226093,0
R27,9/18/2018 22:45,5226093,0
R27,9/18/2018 23:00,5226093,0.006843217
R27,9/18/2018 23:15,5226093,0
R27,9/18/2018 23:30,5226093,0
R27,9/18/2018 23:45,5226093,0
R27,9/19/2018 0:00,5226093,0
R27,9/19/2018 0:15,0,0
R27,9/19/2018 0:30,5226093,0
R27,9/19/2018 0:45,5226093,0
R27,10/12/2018 1:15,5282683,0
R27,10/12/2018 1:30,5282683,0
R27,10/12/2018 1:45,5282683,0
R27,10/12/2018 2:00,5282683,0
R27,10/12/2018 2:15,5282683,0
R27,10/12/2018 2:30,5282683,0
R27,10/12/2018 2:45,5282683,0
R27,10/12/2018 3:00,5282683,0
R27,10/12/2018 3:15,5282683,0
R27,10/12/2018 3:30,5282683,0
R27,10/12/2018 3:45,5282683,0
R27,10/12/2018 4:00,5282683,0
R27,10/12/2018 4:15,5282683,0
R27,10/12/2018 4:30,5282683,0
R27,10/12/2018 4:45,5282683,0
R27,10/12/2018 5:00,5282683,0
R27,10/12/2018 5:15,5282683,0.01066581
R27,10/12/2018 5:30,5282683,6.27626363
R27,10/12/2018 5:45,5282683,38.80274153
R27,10/12/2018 6:00,5282683,96.68393326
R27,10/12/2018 6:15,5282683,162.4899597
R27,10/12/2018 6:30,5282683,232.2871094
R27,10/12/2018 6:45,5282683,303.9581909
R27,10/12/2018 7:00,5282683,375.4925385
R27,10/12/2018 7:15,5282684,445.0664368
R27,10/12/2018 7:30,5282687,511.8135529
R27,10/12/2018 7:45,5282698,575.4434814
R27,10/12/2018 8:00,5282721,636.4742432
R27,10/12/2018 8:15,5282752,694.7157288
R27,10/12/2018 8:30,5282794,749.1604614
R27,10/12/2018 8:45,5282846,799.776947
R27,10/12/2018 9:00,5282908,845.4535217
R27,10/12/2018 9:15,5282979,886.3905945
R27,10/12/2018 9:30,5283058,923.6196899
R27,10/12/2018 9:45,5283145,956.3323364
R27,10/12/2018 10:00,5283240,982.7457581
R27,10/12/2018 10:15,5283340,1004.904266
R27,10/12/2018 10:30,5283446,1021.766602
R27,10/12/2018 10:45,5283554,1031.309021
R27,10/12/2018 11:00,5283669,1038.62146
R27,10/12/2018 11:15,5283787,1041.339355
R27,10/12/2018 11:30,5283909,1037.408264
R27,10/12/2018 11:45,5284030,1027.431335
R27,10/12/2018 12:00,5284152,1012.243134
R27,10/12/2018 12:15,5284273,994.2044678
R27,10/12/2018 12:30,5284395,970.2940979
R27,10/12/2018 12:45,5284516,940.1158142
R27,10/12/2018 13:00,5284637,903.1058655
R27,10/12/2018 13:15,5284759,867.1550293
R27,10/12/2018 13:30,5284880,828.2799683
R27,10/12/2018 13:45,5285002,780.198822
R27,10/12/2018 14:00,5285122,730.2411804
R27,10/12/2018 14:15,5285240,675.6262817
R27,10/12/2018 14:30,5285355,616.3001709
R27,10/12/2018 14:45,5285466,555.7670288
R27,10/12/2018 15:00,5285574,493.204071
R27,10/12/2018 15:15,5285677,427.4037476
R27,10/12/2018 15:30,5285774,360.6198273
R27,10/12/2018 15:45,5285866,293.6959381
R27,10/12/2018 16:00,5285951,224.665184
R27,10/12/2018 16:15,5286029,138.4019661
R27,10/12/2018 16:30,5286099,51.50840044
R27,10/12/2018 16:45,5286160,8.362578332
R27,10/12/2018 17:00,5286212,0.637438238
R27,10/12/2018 17:15,5286255,0
R27,10/12/2018 17:30,5286288,0
R27,10/12/2018 17:45,5286311,0
R27,10/12/2018 18:00,5286320,0
R27,10/12/2018 18:15,5286321,0
R27,10/12/2018 18:30,5286321,0
R27,10/12/2018 18:45,5286321,0
R27,10/12/2018 19:00,5286321,0
R27,10/12/2018 19:15,5286321,0
R27,10/12/2018 19:30,5286321,0
R27,10/12/2018 19:45,5286321,0
R27,10/12/2018 20:00,5286321,0
R27,10/12/2018 20:15,5286321,0
R27,10/12/2018 20:30,5286321,0.005329693
R27,10/12/2018 20:45,5286321,0.006091093
R27,10/12/2018 21:00,5286321,0.0007614
R27,10/12/2018 21:15,5286321,0
R27,10/12/2018 21:30,5286321,0
R27,10/12/2018 21:45,5286321,0
R27,10/12/2018 22:00,5286321,0
R27,10/12/2018 22:15,5286321,0
R27,10/12/2018 22:30,5286321,0
R27,10/12/2018 22:45,5286321,0
R27,10/12/2018 23:00,5286321,0
R27,10/12/2018 23:15,5286321,0
R27,10/12/2018 23:30,5286321,0
R27,10/12/2018 23:45,5286321,0
R27,10/13/2018 0:00,5286321,0
R27,10/13/2018 0:15,5286321,0
R27,10/13/2018 0:30,5286321,0
R27,10/13/2018 0:45,5286321,0
R27,10/13/2018 1:00,5286321,0
R27,10/13/2018 1:15,5286321,0.005333912
R27,10/13/2018 1:30,5286321,0.005333912
R27,10/13/2018 1:45,5286321,0
R27,10/13/2018 2:00,5286321,0
R27,10/13/2018 2:15,5286321,0
R27,10/13/2018 2:30,5286321,0
R27,10/13/2018 2:45,5286321,0
R27,10/13/2018 3:00,5286321,0
R27,10/13/2018 3:15,5286321,0
R27,10/13/2018 3:30,5286321,0
R27,10/13/2018 3:45,5286321,0
R27,10/13/2018 4:00,5286321,0
R27,10/13/2018 4:15,5286321,0.119632356
R27,10/13/2018 4:30,5286321,0.286505409
R27,10/13/2018 4:45,5286321,0.492241934
R27,10/13/2018 5:00,5286321,0.35432373
R27,10/13/2018 5:15,5286321,0.812258407
R27,10/13/2018 5:30,5286321,7.73535043
R27,10/13/2018 5:45,5286321,15.57153463
R27,10/13/2018 6:00,5286321,22.60530186
R27,10/13/2018 6:15,5286321,48.32013798
R27,10/13/2018 6:30,5286321,95.66973877
R27,10/13/2018 6:45,5286321,154.7029381
R27,10/13/2018 7:00,5286321,155.9752235
R27,10/13/2018 7:15,5286321,133.945591
R27,10/13/2018 7:30,5286322,202.0284271
R27,10/13/2018 7:45,5286324,235.5864334
R27,10/13/2018 8:00,5286333,441.8871078
R27,10/13/2018 8:15,5286348,696.1491089
R27,10/13/2018 8:30,5286372,743.932251
R27,10/13/2018 8:45,5286387,792.0257568
R27,10/13/2018 9:00,5286405,831.805481
R27,10/13/2018 9:15,5286440,861.9015808
R27,10/13/2018 9:30,5286467,896.0478821
R27,10/13/2018 9:45,5286556,933.3044434
R27,10/13/2018 10:00,5286649,962.9656372
R27,10/13/2018 10:15,5286749,986.3119507
R27,10/13/2018 10:30,5286854,1004.549072
R27,10/13/2018 10:45,5286963,1019.003723
R27,10/13/2018 11:00,5287076,1025.944153
R27,10/13/2018 11:15,5287193,1033.182251
R27,10/13/2018 11:30,5287314,1039.476746
R27,10/13/2018 11:45,5287436,1039.964355
R27,10/13/2018 12:00,5287557,971.7363586
R27,10/13/2018 12:15,5287678,881.0531921
R27,10/13/2018 12:30,5287800,709.7839661
R27,10/13/2018 12:45,5287921,680.3858337
R27,10/13/2018 13:00,5288043,522.3090515
R27,10/13/2018 13:15,5288164,483.8836975
R27,10/13/2018 13:30,5288285,669.4421082
R27,10/13/2018 13:45,5288388,725.7343445
R27,10/13/2018 14:00,5288492,805.4038086
R27,10/13/2018 14:15,5288556,722.292572
R27,10/13/2018 14:30,5288648,641.2373352
R27,10/13/2018 14:45,5288679,570.2892456
R27,10/13/2018 15:00,5288772,486.9810791
R27,10/13/2018 15:15,5288854,412.9432678
R27,10/13/2018 15:30,5288962,337.9476013
R27,10/13/2018 15:45,5289063,278.4285736
R27,10/13/2018 16:00,5289151,233.4660034
R27,10/13/2018 16:15,5289232,171.0099564
R27,10/13/2018 16:30,5289303,96.12290382
R27,10/13/2018 16:45,5289362,30.63454938
R27,10/13/2018 17:00,5289413,2.403676279
R27,10/13/2018 17:15,5289452,0.047922142
R27,10/13/2018 17:30,5289485,0
R27,10/13/2018 17:45,5289510,0
R27,10/13/2018 18:00,5289524,0
R27,10/13/2018 18:15,5289528,0
R27,10/13/2018 18:30,5289528,0
R27,10/13/2018 18:45,5289528,0
R27,10/13/2018 19:00,5289528,0
R27,10/13/2018 19:15,5289528,0
R27,10/13/2018 19:30,5289528,0
R27,10/13/2018 19:45,5289528,0
R27,10/13/2018 20:00,5289528,0
R27,10/13/2018 20:15,5289528,0
R27,10/13/2018 20:30,5289528,0
R27,10/13/2018 20:45,5289528,0
R27,10/13/2018 21:00,5289528,0
R27,10/13/2018 21:15,5289528,0
R27,10/13/2018 21:30,5289528,0
R27,10/13/2018 21:45,5289528,0
R27,10/13/2018 22:00,5289528,0
R27,10/13/2018 22:15,5289528,0
R27,10/13/2018 22:30,5289528,0
R27,10/13/2018 22:45,5289528,0
R27,10/13/2018 23:00,5289528,0
R27,10/13/2018 23:15,5289528,
R27,10/13/2018 23:30,5289528,
R27,10/13/2018 23:45,5289528,
R27,10/14/2018 0:00,5289528,
R27,10/14/2018 0:15,5289528,
R27,10/14/2018 0:30,5289528,
R27,10/14/2018 0:45,5289528,
